{
    "id": 154,
    "coord": [
        -58.4726923,
        -34.5430096
    ],
    "neighborhood": 12
}