{
    "id": 8044,
    "coord": [
        -58.4577662,
        -34.6175053
    ],
    "neighborhood": 7
}