{
    "id": 5603,
    "coord": [
        -58.4163346,
        -34.6014328
    ],
    "neighborhood": 5
}